Restrict Tile,888,46
Restrict Tile,888,86
Restrict Tile,888,126
Restrict Tile,888,166
Restrict Tile,888,206
Restrict Tile,888,246
Restrict Tile,888,286
Restrict Tile,888,326
Restrict Tile,888,366
Restrict Tile,888,406
Restrict Tile,888,446
Restrict Tile,888,486
Restrict Tile,888,526
Restrict Tile,888,566
Restrict Tile,888,606
Restrict Tile,888,646
Restrict Tile,888,686
Restrict Tile,888,46
Restrict Tile,888,86
Restrict Tile,888,126
Restrict Tile,888,166
Restrict Tile,888,206
Restrict Tile,888,246
Restrict Tile,888,286
Restrict Tile,888,326
Restrict Tile,888,366
Restrict Tile,888,406
Restrict Tile,888,446
Restrict Tile,888,486
Restrict Tile,888,526
Restrict Tile,888,566
Restrict Tile,888,606
Restrict Tile,888,646
Restrict Tile,888,686
Restrict Tile,48,46
Restrict Tile,88,46
Restrict Tile,128,46
Restrict Tile,168,46
Restrict Tile,208,46
Restrict Tile,248,46
Restrict Tile,288,46
Restrict Tile,328,46
Restrict Tile,368,46
Restrict Tile,408,46
Restrict Tile,448,46
Restrict Tile,488,46
Restrict Tile,528,46
Restrict Tile,568,46
Restrict Tile,608,46
Restrict Tile,648,46
Restrict Tile,688,46
Restrict Tile,728,46
Restrict Tile,768,46
Restrict Tile,808,46
Restrict Tile,848,46
Restrict Tile,48,46
Restrict Tile,48,86
Restrict Tile,48,126
Restrict Tile,48,166
Restrict Tile,48,206
Restrict Tile,48,246
Restrict Tile,48,286
Restrict Tile,48,326
Restrict Tile,48,366
Restrict Tile,48,406
Restrict Tile,48,446
Restrict Tile,48,486
Restrict Tile,48,526
Restrict Tile,48,566
Restrict Tile,48,606
Restrict Tile,48,646
Restrict Tile,48,686
Restrict Tile,88,686
Restrict Tile,128,686
Restrict Tile,168,686
Restrict Tile,208,686
Restrict Tile,248,686
Restrict Tile,288,686
Restrict Tile,328,686
Restrict Tile,368,686
Restrict Tile,408,686
Restrict Tile,448,686
Restrict Tile,488,686
Restrict Tile,528,686
Restrict Tile,568,686
Restrict Tile,608,686
Restrict Tile,648,686
Restrict Tile,688,686
Restrict Tile,728,686
Restrict Tile,768,686
Restrict Tile,808,686
Restrict Tile,848,686
Dock,728,406
Dock,768,406
Dock,808,406
Dock,848,406
Transport Tile,848,406,Grassland,680,780